peter,cubolt,petercubolt@gmail.com,ssssddsdsd,7667767787
jhssdjjsdjk,jkjkjkjsj,jkjkjkkaj@jjha,ssssddsdsd,78787878
peter,cubolt,0112897663@3423,234242342,766788
jjhsjhjhjhjh,cubolt,wewewe@fdfdf,3232323,23424242
DOMINIC,sjkskdfjksjk,wewewe@fdfdf,3232323,78678787878
DOMINIC,sjkskdfjksjk,wewewe@fdfdf,3232323,
peter,cubolt,petercubolt@gmail.com,3232323,76767676
peter,3678478784,wewewe@fdfdf,ssssddsdsd,2345678908
4545,454545,pcubolt@gmail.com,32323,222222
peter,fasasas,petercubolt@gmail.com,ssssddsdsd,323232323
peter,cubolt,petercubolt@gmail.com,ssssddsdsd,1222323232
3231313,23323232,wewewe@fdfdf,ssssddsdsd,1213131131313313
peter,cubolt,petercubolt@gmail.com,,
23223,3222222222,bunniestore.rabbitgroup@gmail.com,76767678,222333333333333323
DOMINIC,xxcacaszx,wewewe@fdfdf,3232323,wqwqwqwqwqwqww
peter,cubolt,p@gmail.com,ssssddsdsd,1234
wqqqqqqqqqqqq,petercubolt@gmail.com,0795820543
